City,City_ID,Latitude,Longitude,Temperature (F),Humidity,Cloudiness,Wind_speed,Country,Date
Gazimurskiy Zavod,2024122,51.55,118.33,2.19,85,100,4.18,RU,2020-01-30 02:08:53
Rio Grande,3451138,-32.03,-52.1,75.99,78,73,5.73,BR,2020-01-30 02:08:53
Airai,1651810,-8.93,125.41,83.88,59,33,3.33,TL,2020-01-30 02:05:58
Punta Arenas,3874787,-53.15,-70.92,50.0,76,75,25.28,CL,2020-01-30 02:06:38
San Cristobal,3628473,7.77,-72.22,80.6,74,40,3.36,VE,2020-01-30 02:07:55
Kapaa,5848280,22.08,-159.32,81.63,51,20,9.17,US,2020-01-30 02:04:41
Isangel,2136825,-19.55,169.27,82.4,78,75,16.11,VU,2020-01-30 02:08:54
Ushuaia,3833367,-54.8,-68.3,46.4,70,90,17.22,AR,2020-01-30 02:08:55
Jamestown,5122534,42.1,-79.24,19.06,92,1,1.52,US,2020-01-30 02:08:55
Teguise,2510573,29.06,-13.56,64.4,23,100,8.05,ES,2020-01-30 02:08:55
East London,1006984,-33.02,27.91,70.32,79,100,8.08,ZA,2020-01-30 02:08:56
Pokhara,1282898,28.23,83.98,55.18,59,0,1.48,NP,2020-01-30 02:07:40
Busselton,2075265,-33.65,115.33,69.33,36,66,15.28,AU,2020-01-30 02:08:56
Belyy Yar,1510377,53.6,91.39,8.6,55,100,17.9,RU,2020-01-30 02:08:56
Bengkulu,1649150,-3.8,102.27,84.54,47,100,5.46,ID,2020-01-30 02:05:01
Yaan,2338660,7.38,8.57,70.92,14,7,4.36,NG,2020-01-30 02:08:57
Tikhvin,483019,59.65,33.53,23.0,90,100,3.0,RU,2020-01-30 02:08:57
Lebu,3883457,-37.62,-73.65,49.23,85,2,4.29,CL,2020-01-30 02:08:58
Kavieng,2094342,-2.57,150.8,83.95,79,44,14.52,PG,2020-01-30 02:08:58
Cape Town,3369157,-33.93,18.42,63.72,68,20,14.99,ZA,2020-01-30 02:08:14
Albany,5106841,42.6,-73.97,21.36,92,1,6.93,US,2020-01-30 02:08:59
Tessalit,2449893,20.2,1.01,64.72,23,0,10.98,ML,2020-01-30 02:08:59
George Town,1735106,5.41,100.34,80.62,78,20,4.7,MY,2020-01-30 02:05:22
Yar-Sale,1486321,66.83,70.83,-16.2,95,85,10.76,RU,2020-01-30 02:09:20
Shingu,1847947,33.73,135.98,50.0,61,40,13.87,JP,2020-01-30 02:08:40
Hilo,5855927,19.73,-155.09,76.06,58,1,14.99,US,2020-01-30 02:09:21
Rundu,3353383,-17.93,19.77,68.25,84,79,3.89,NA,2020-01-30 02:09:21
Trairi,3386177,-3.28,-39.27,75.04,90,66,1.92,BR,2020-01-30 02:09:21
Muli,1337617,2.92,73.57,80.71,76,84,14.76,MV,2020-01-30 02:09:21
Cintalapa,3530617,16.7,-93.73,66.2,89,79,3.33,MX,2020-01-30 02:09:22
Vestmannaeyjar,3412093,63.44,-20.27,32.22,68,0,12.08,IS,2020-01-30 02:09:22
Kruisfontein,986717,-34.0,24.73,60.3,86,76,4.16,ZA,2020-01-30 02:06:17
Matara,1235846,5.95,80.54,77.34,75,52,3.2,LK,2020-01-30 02:09:23
Tuktoyaktuk,6170031,69.45,-133.04,-22.0,74,90,11.41,CA,2020-01-30 02:09:23
Puruliya,1259163,23.33,86.37,69.8,88,90,8.72,IN,2020-01-30 02:09:23
Tobias Barreto,3446400,-11.18,-38.0,70.43,93,15,2.55,BR,2020-01-30 02:09:23
Funadhoo,1337620,6.15,73.27,81.09,74,91,13.22,MV,2020-01-30 02:09:24
Palembang,1633070,-2.92,104.75,77.0,94,40,9.17,ID,2020-01-30 02:09:24
Kamenka,553766,51.32,42.77,34.52,98,100,10.0,RU,2020-01-30 02:09:24
Laguna,5364271,38.42,-121.42,55.02,55,1,6.93,US,2020-01-30 02:09:24
Sorland,3137469,67.67,12.69,37.47,67,98,13.67,NO,2020-01-30 02:05:47
Nar'yan-Mar,523392,67.67,53.09,-15.29,98,86,4.25,RU,2020-01-30 02:09:25
Opuwo,3354077,-18.06,13.84,68.86,49,32,4.07,NA,2020-01-30 02:09:25
Ontario,5379439,34.06,-117.65,62.06,11,1,8.05,US,2020-01-30 02:06:36
La Carolina,2516088,38.28,-3.62,50.0,81,100,3.09,ES,2020-01-30 02:09:25
Bluff,2206939,-46.6,168.33,72.0,50,100,14.0,NZ,2020-01-30 02:09:25
Kaitangata,2208248,-46.28,169.85,71.01,42,100,17.0,NZ,2020-01-30 02:09:26
Port Elizabeth,964420,-33.92,25.57,64.4,88,90,2.24,ZA,2020-01-30 02:06:07
Rocky Mountain House,6126749,52.37,-114.92,28.53,80,100,3.56,CA,2020-01-30 02:09:26
Kattivakkam,1267433,13.22,80.32,74.05,94,40,6.17,IN,2020-01-30 02:09:26
Mettur,1263101,11.8,77.8,72.16,67,0,2.93,IN,2020-01-30 02:09:27
Mataura,6201424,-46.19,168.86,72.0,50,70,14.0,NZ,2020-01-30 02:09:27
Araouane,2460954,18.9,-3.53,67.35,21,0,13.51,ML,2020-01-30 02:06:19
Taltal,3870243,-25.4,-70.48,62.1,88,0,2.71,CL,2020-01-30 02:09:27
Codrington,2171099,-38.27,141.97,76.53,44,0,8.48,AU,2020-01-30 02:09:28
Merritt,6072350,50.11,-120.79,48.2,57,40,21.92,CA,2020-01-30 02:09:28
Bredasdorp,1015776,-34.53,20.04,64.22,68,100,13.78,ZA,2020-01-30 02:09:28
Tabou,2281120,4.42,-7.35,78.26,92,69,2.13,CI,2020-01-30 02:09:28
Coswig,2939820,51.13,13.58,37.18,74,75,11.41,DE,2020-01-30 02:09:29
Kodiak,5866583,57.79,-152.41,19.4,85,90,10.29,US,2020-01-30 02:09:29
Camacha,2270385,33.08,-16.33,59.0,72,20,4.7,PT,2020-01-30 02:09:29
Mar del Plata,3430863,-38.0,-57.56,58.28,62,5,4.7,AR,2020-01-30 02:05:11
Dunedin,2191562,-45.87,170.5,66.0,68,78,21.0,NZ,2020-01-30 02:07:48
Hermanus,3366880,-34.42,19.23,63.12,81,0,5.99,ZA,2020-01-30 02:09:16
Masuguru,878054,-11.37,38.42,72.32,98,39,2.28,TZ,2020-01-30 02:09:30
Yerbogachen,2012956,61.28,108.01,1.58,93,0,7.45,RU,2020-01-30 02:09:30
Norman Wells,6089245,65.28,-126.83,-22.0,67,75,9.17,CA,2020-01-30 02:09:30
Alice Springs,2077895,-23.7,133.88,82.4,74,75,19.46,AU,2020-01-30 02:09:30
Okhotsk,2122605,59.38,143.3,-8.1,71,0,7.49,RU,2020-01-30 02:09:31
Hobart,2163355,-42.88,147.33,89.65,50,0,21.92,AU,2020-01-30 02:06:41
Lavrentiya,4031637,65.58,-171.0,-13.0,71,0,11.21,RU,2020-01-30 02:09:31
Lamu,189741,-2.27,40.9,81.03,83,92,13.44,KE,2020-01-30 02:09:31
Ibra,287832,22.69,58.53,56.55,70,0,0.51,OM,2020-01-30 02:09:32
Adrar,2381972,20.5,-10.07,66.4,18,100,11.79,MR,2020-01-30 02:09:32
Cabo San Lucas,3985710,22.89,-109.91,67.84,72,75,11.41,MX,2020-01-30 02:09:32
Kurumkan,2021188,54.3,110.3,5.0,88,22,1.16,RU,2020-01-30 02:09:32
Poum,2138555,-20.23,164.02,78.78,77,0,16.37,NC,2020-01-30 02:09:32
Barrow,5880054,71.29,-156.79,-23.8,74,1,8.05,US,2020-01-30 02:05:21
San Rafael,3836669,-34.62,-68.33,69.89,34,1,7.99,AR,2020-01-30 02:06:01
Saldanha,3361934,-33.01,17.94,60.8,72,0,4.7,ZA,2020-01-30 02:09:33
Antofagasta,3899539,-23.65,-70.4,71.04,77,20,11.41,CL,2020-01-30 02:09:10
Mombetsu,2129163,44.35,143.35,30.2,100,75,9.17,JP,2020-01-30 02:09:34
Iquique,3887127,-20.22,-70.14,75.2,64,0,13.87,CL,2020-01-30 02:09:10
Hope,4115181,33.67,-93.59,46.65,87,90,3.36,US,2020-01-30 02:09:34
Canchungo,2373951,12.07,-16.03,73.4,88,100,2.24,GW,2020-01-30 02:09:34
Salalah,286621,17.02,54.09,64.4,52,81,4.7,OM,2020-01-30 02:09:35
Butaritari,2110227,3.07,172.79,84.92,73,60,8.16,KI,2020-01-30 02:09:35
Elk,772621,53.83,22.36,32.61,97,79,11.39,PL,2020-01-30 02:09:35
Guerrero Negro,4021858,27.98,-114.06,59.31,76,15,15.32,MX,2020-01-30 02:09:35
Rikitea,4030556,-23.12,-134.97,79.39,72,100,6.96,PF,2020-01-30 02:09:17
Zhigansk,2012530,66.77,123.37,-11.02,92,100,11.1,RU,2020-01-30 02:09:36
Korla,1529376,41.76,86.15,30.0,83,0,1.48,CN,2020-01-30 02:09:36
Cherskiy,2126199,68.75,161.3,-24.88,96,98,7.52,RU,2020-01-30 02:09:36
Paamiut,3421193,61.99,-49.67,7.21,50,0,8.08,GL,2020-01-30 02:08:43
Kuldur,2021370,49.22,131.63,9.66,85,0,3.76,RU,2020-01-30 02:09:36
Birao,240210,10.28,22.79,61.9,13,0,13.6,CF,2020-01-30 02:09:37
Broome,5110365,42.25,-75.83,16.93,92,90,3.02,US,2020-01-30 02:09:37
Pontes e Lacerda,3453060,-15.23,-59.34,73.47,87,50,3.15,BR,2020-01-30 02:09:37
Acapulco de Juarez,3533462,16.86,-99.89,80.6,65,75,6.93,MX,2020-01-30 02:09:37
Ust-Nera,2120048,64.57,143.2,-34.69,96,99,3.0,RU,2020-01-30 02:09:37
Chuncheng,6646308,22.17,111.79,60.49,51,0,9.69,CN,2020-01-30 02:09:38
Kindu,212902,-2.95,25.95,69.55,92,100,1.99,CD,2020-01-30 02:09:38
Shimoda,1852357,34.67,138.95,56.46,62,20,19.46,JP,2020-01-30 02:09:38
La Tuque,6050416,47.43,-72.78,-2.56,92,0,3.51,CA,2020-01-30 02:09:38
Lazarev,2123836,52.23,141.51,0.5,88,0,3.74,RU,2020-01-30 02:09:38
Portland,5746545,45.52,-122.68,46.29,87,90,4.7,US,2020-01-30 02:09:19
Vaini,4032243,-21.2,-175.2,86.0,79,40,9.17,TO,2020-01-30 02:09:39
Shamkhal,495893,43.06,47.34,35.38,93,40,4.47,RU,2020-01-30 02:09:39
Kirovskaya,548390,46.97,40.04,46.4,87,40,20.13,RU,2020-01-30 02:09:39
Sumbawanga,149703,-7.97,31.62,56.7,97,100,2.08,TZ,2020-01-30 02:09:40
Fort Abbas,1179223,29.19,72.85,52.99,64,0,8.19,PK,2020-01-30 02:09:40
Tunduma,149402,-9.3,32.77,61.25,98,100,3.09,TZ,2020-01-30 02:09:40
Thompson,6165406,55.74,-97.86,15.8,92,90,5.82,CA,2020-01-30 02:09:40
Nome,5870133,64.5,-165.41,-4.86,44,1,3.36,US,2020-01-30 02:09:40
Clyde River,5924351,70.47,-68.59,-18.4,68,40,10.29,CA,2020-01-30 02:09:41
Yuanping,1786060,38.72,112.76,25.43,67,0,3.94,CN,2020-01-30 02:09:41
Dikson,1507390,73.51,80.55,-17.27,98,78,7.02,RU,2020-01-30 02:09:41
Puerto Ayora,3652764,-0.74,-90.35,77.0,27,52,1.01,EC,2020-01-30 02:09:42
Goalpara,1271151,26.17,90.62,64.72,62,64,3.96,IN,2020-01-30 02:09:42
Bambous Virieux,1106677,-20.34,57.76,74.59,83,40,4.99,MU,2020-01-30 02:09:42
Atuona,4020109,-9.8,-139.03,80.92,77,0,14.61,PF,2020-01-30 02:09:42
Faanui,4034551,-16.48,-151.75,82.47,72,99,7.4,PF,2020-01-30 02:05:29
New Norfolk,2155415,-42.78,147.06,88.9,27,0,21.92,AU,2020-01-30 02:09:43
Fairbanks,5861897,64.84,-147.72,-14.13,75,90,5.68,US,2020-01-30 02:09:43
Vila,7117100,42.03,-8.16,54.61,93,90,17.22,PT,2020-01-30 02:09:43
Krutinka,1501690,56.01,71.51,-12.86,95,26,7.7,RU,2020-01-30 02:09:43
Tasiilaq,3424607,65.61,-37.64,28.4,68,91,34.45,GL,2020-01-30 02:05:42
Longyan,1802276,25.11,117.02,50.02,38,0,3.69,CN,2020-01-30 02:09:44
Esperance,2071860,-33.87,121.9,69.8,73,90,6.93,AU,2020-01-30 02:09:44
Fortuna,5563839,40.6,-124.16,54.16,81,90,2.04,US,2020-01-30 02:05:28
Hithadhoo,1282256,-0.6,73.08,81.25,78,67,14.72,MV,2020-01-30 02:09:45
Mana,3381041,5.66,-53.78,73.49,95,19,2.77,GF,2020-01-30 02:06:05
Marawi,1701054,8.0,124.29,82.0,79,74,7.0,PH,2020-01-30 02:09:45
Pisco,3932145,-13.7,-76.22,72.18,94,90,13.87,PE,2020-01-30 02:09:45
Alugan,1731248,12.22,125.48,81.32,72,100,6.53,PH,2020-01-30 02:09:46
Ixtapa,4004293,20.7,-105.2,75.65,69,90,1.19,MX,2020-01-30 02:05:38
Mount Gambier,2156643,-37.83,140.77,98.6,9,0,17.22,AU,2020-01-30 02:09:47
Sao Filipe,3374210,14.9,-24.5,70.43,77,0,9.24,CV,2020-01-30 02:09:48
Xinyang,1788534,32.12,114.07,44.91,57,0,2.66,CN,2020-01-30 02:09:48
Takaka,2181997,-40.85,172.8,77.36,63,61,5.99,NZ,2020-01-30 02:09:48
Geraldton,2070998,-28.77,114.6,73.4,56,75,18.34,AU,2020-01-30 02:07:32
Basoko,219414,1.24,23.62,74.61,49,60,2.57,CD,2020-01-30 02:09:48
Naze,1855540,28.37,129.48,56.19,76,75,34.45,JP,2020-01-30 02:09:49
Sibu,1735902,2.3,111.82,80.38,88,75,3.36,MY,2020-01-30 02:09:49
Hamilton,4513583,39.18,-84.53,32.76,80,90,4.7,US,2020-01-30 02:07:57
Laas,3175096,46.62,10.7,24.76,92,31,3.36,IT,2020-01-30 02:09:49
Meulaboh,1214488,4.14,96.13,79.29,78,38,5.86,ID,2020-01-30 02:09:50
Arraial do Cabo,3471451,-22.97,-42.03,80.6,88,71,5.82,BR,2020-01-30 02:09:50
Plouzane,2986626,48.38,-4.62,51.57,100,90,17.22,FR,2020-01-30 02:09:50
Gizo,2108857,-8.1,156.84,83.73,72,100,8.77,SB,2020-01-30 02:09:50
Sumkino,1490655,58.11,68.32,-16.71,97,56,2.21,RU,2020-01-30 02:09:50
Ancud,3899695,-41.87,-73.82,50.0,76,98,5.82,CL,2020-01-30 02:09:51
Andros Town,3572906,24.7,-77.77,70.95,94,75,8.05,BS,2020-01-30 02:09:51
Severodvinsk,496285,64.56,39.83,-9.4,76,40,6.71,RU,2020-01-30 02:09:51
Beringovskiy,2126710,63.05,179.32,-3.82,100,83,9.64,RU,2020-01-30 02:09:51
Kamen'-na-Obi,1504871,53.79,81.34,-18.09,98,89,4.92,RU,2020-01-30 02:09:52
Denpasar,1645528,-8.65,115.22,86.0,89,20,8.05,ID,2020-01-30 02:09:04
Nicoya,3622716,10.15,-85.45,75.76,88,75,5.82,CR,2020-01-30 02:09:52
Inhambane,1045114,-23.86,35.38,76.75,67,0,8.23,MZ,2020-01-30 02:09:52
Fukuecho,1863997,32.69,128.84,45.23,93,75,10.29,JP,2020-01-30 02:09:53
Cururupu,3401148,-1.83,-44.87,74.73,95,100,1.59,BR,2020-01-30 02:09:53
Banda Aceh,1215502,5.56,95.32,81.05,69,95,6.33,ID,2020-01-30 02:09:53
Dubovskoye,564593,47.41,42.76,40.03,87,100,13.6,RU,2020-01-30 02:09:54
Sambava,1056899,-14.27,50.17,74.79,82,100,1.77,MG,2020-01-30 02:09:54
Dudinka,1507116,69.41,86.18,-16.6,75,75,2.24,RU,2020-01-30 02:09:54
Luanda,2240449,-8.84,13.23,77.0,88,75,5.82,AO,2020-01-30 02:09:54
Cuamba,1047660,-14.8,36.54,68.9,98,100,1.92,MZ,2020-01-30 02:09:55
Perundurai,1259855,11.27,77.58,69.8,83,20,1.39,IN,2020-01-30 02:09:55
Presidencia Roque Saenz Pena,3840300,-26.79,-60.44,71.58,91,100,3.62,AR,2020-01-30 02:09:55
Saint-Leu,6690297,-21.15,55.28,68.94,68,19,8.05,RE,2020-01-30 02:09:55
Castro,3466704,-24.79,-50.01,66.25,98,100,2.39,BR,2020-01-30 02:09:55
Bud,4255151,39.45,-86.18,32.74,84,90,3.36,US,2020-01-30 02:09:56
Alofi,4036284,-19.06,-169.92,86.0,79,75,3.36,NU,2020-01-30 02:09:56
Andrushivka,713389,50.02,29.02,32.81,96,100,18.86,UA,2020-01-30 02:09:56
Lagunas,3695844,-5.23,-75.68,78.57,73,56,0.38,PE,2020-01-30 02:09:56
Upernavik,3418910,72.79,-56.15,-14.1,92,78,4.7,GL,2020-01-30 02:05:31
Idappadi,1269819,11.58,77.85,72.48,70,71,2.68,IN,2020-01-30 02:09:57
Hong Kong,1819729,22.29,114.16,56.34,30,0,18.34,HK,2020-01-30 02:09:06
Talnakh,1490256,69.49,88.4,-16.6,75,75,2.24,RU,2020-01-30 02:05:34
Batsfjord,780717,70.63,29.72,3.94,81,96,10.07,NO,2020-01-30 02:09:57
Mahibadhoo,1337605,3.78,72.97,80.29,76,2,13.29,MV,2020-01-30 02:09:57
Zimovniki,462522,47.15,42.46,41.59,83,100,15.82,RU,2020-01-30 02:09:58
Longyearbyen,2729907,78.22,15.64,21.2,62,40,11.41,SJ,2020-01-30 02:09:58
Comodoro Rivadavia,3860443,-45.87,-67.5,69.8,26,100,17.22,AR,2020-01-30 02:07:48
Pala,2426240,9.36,14.9,62.73,12,33,6.26,TD,2020-01-30 02:09:58
Ribeira Grande,3372707,38.52,-28.7,60.78,91,100,18.37,PT,2020-01-30 02:05:49
Kambove,923058,-10.88,26.6,62.31,97,100,7.56,CD,2020-01-30 02:09:59
Husavik,2629833,66.04,-17.34,28.4,92,90,2.24,IS,2020-01-30 02:05:26
Faya,110690,18.39,42.45,49.06,93,5,2.98,SA,2020-01-30 02:06:17
Acari,3948613,-15.43,-74.62,67.73,87,70,4.0,PE,2020-01-30 02:10:00
Atar,2381334,20.52,-13.05,69.35,19,100,13.47,MR,2020-01-30 02:10:00
Mbarara,229268,-0.61,30.65,61.99,82,100,0.85,UG,2020-01-30 02:10:00
Sao Felix do Xingu,3388847,-6.64,-51.99,70.72,99,87,1.01,BR,2020-01-30 02:10:01
San Miguelito,3701329,9.03,-79.5,81.14,74,40,3.36,PA,2020-01-30 02:10:01
High Level,5975004,58.52,-117.14,24.8,100,75,6.51,CA,2020-01-30 02:10:01
Kutum,371745,14.2,24.67,43.21,21,28,3.56,SD,2020-01-30 02:10:01
Sechura,3691954,-5.56,-80.82,73.78,83,40,10.96,PE,2020-01-30 02:10:01
Aloleng,1731298,16.13,119.78,79.09,64,55,13.24,PH,2020-01-30 02:10:03
Otorohanga,2185245,-38.18,175.2,80.33,60,32,7.0,NZ,2020-01-30 02:10:03
Luderitz,3355672,-26.65,15.16,63.7,91,0,20.78,NA,2020-01-30 02:10:03
Nikolskoye,546105,59.7,30.79,29.73,100,90,13.42,RU,2020-01-30 02:10:04
Matagami,6067747,49.75,-77.63,-7.6,83,1,3.44,CA,2020-01-30 02:10:04
Hammerfest,779683,70.66,23.68,17.6,72,85,38.03,NO,2020-01-30 02:10:04
La Ronge,6050066,55.1,-105.28,23.0,92,90,14.99,CA,2020-01-30 02:10:04
Belmonte,3470137,-15.86,-38.88,78.8,83,0,9.17,BR,2020-01-30 02:10:04
Viedma,3832899,-40.81,-63.0,55.42,43,1,8.63,AR,2020-01-30 02:10:05
Aklavik,5882953,68.22,-135.01,-20.2,68,90,8.05,CA,2020-01-30 02:10:05
Chui,3443061,-33.7,-53.46,68.76,85,0,7.09,UY,2020-01-30 02:05:34
Avarua,4035715,-21.21,-159.78,82.4,78,6,1.12,CK,2020-01-30 02:05:26
Ntcheu,924492,-14.82,34.64,62.96,98,100,4.47,MW,2020-01-30 02:10:06
Tual,1623197,-5.67,132.75,85.44,73,100,17.29,ID,2020-01-30 02:10:06
Sven,485785,53.18,34.55,34.29,97,100,11.81,RU,2020-01-30 02:10:06
Port Alfred,964432,-33.59,26.89,66.99,87,100,5.88,ZA,2020-01-30 02:10:07
Westport,4845585,41.14,-73.36,29.97,61,1,6.93,US,2020-01-30 02:07:59
Port Macquarie,2152659,-31.43,152.92,86.76,61,40,10.29,AU,2020-01-30 02:07:38
Pacific Grove,5380437,36.62,-121.92,54.34,62,1,9.17,US,2020-01-30 02:10:07
Taitung City,6949678,22.76,121.14,62.6,59,75,9.17,TW,2020-01-30 02:10:07
Bethel,5282297,41.37,-73.41,28.74,50,1,4.7,US,2020-01-30 02:09:33
Ambon,1651531,-3.7,128.18,93.2,49,20,13.87,ID,2020-01-30 02:10:08
Kumul,1529484,42.8,93.45,9.97,78,0,2.53,CN,2020-01-30 02:10:08
Khatanga,2022572,71.97,102.5,-15.86,98,92,2.62,RU,2020-01-30 02:10:08
Pimenta Bueno,3924908,-11.67,-61.19,71.56,96,98,0.31,BR,2020-01-30 02:10:08
Balabac,1728675,7.99,117.06,82.6,67,100,13.31,PH,2020-01-30 02:08:46
Prince Rupert,6113406,54.32,-130.32,41.0,80,90,10.29,CA,2020-01-30 02:08:21
Provideniya,4031574,64.38,-173.3,-4.0,53,0,4.47,RU,2020-01-30 02:10:09
Reconquista,3429594,-29.15,-59.65,69.73,93,100,9.46,AR,2020-01-30 02:10:09
Saint-Philippe,935215,-21.36,55.77,68.94,68,17,8.05,RE,2020-01-30 02:10:09
Verkhnyaya Inta,1487332,65.98,60.31,-14.71,98,94,3.6,RU,2020-01-30 02:10:10
Eureka,5563397,40.8,-124.16,54.21,81,90,1.9,US,2020-01-30 02:10:10
Colares,2269142,38.8,-9.45,56.93,100,75,8.05,PT,2020-01-30 02:10:10
Taoudenni,2450173,22.68,-3.98,59.34,25,0,9.95,ML,2020-01-30 02:10:10
Orocue,3673536,4.79,-71.34,82.98,47,16,5.64,CO,2020-01-30 02:10:11
Barmer,1276901,25.75,71.38,59.31,30,0,8.61,IN,2020-01-30 02:10:11
Bonavista,5905393,48.65,-53.11,28.99,87,100,1.99,CA,2020-01-30 02:06:04
Santa Isabel do Rio Negro,3662489,-0.41,-65.02,77.07,86,52,1.3,BR,2020-01-30 02:10:12
Tuatapere,2180815,-46.13,167.68,72.0,50,34,14.0,NZ,2020-01-30 02:06:08
Saint George,5546220,37.1,-113.58,40.69,64,1,8.05,US,2020-01-30 02:10:12
Pevek,2122090,69.7,170.31,-18.47,97,100,6.91,RU,2020-01-30 02:10:12
Vardo,777019,70.37,31.11,21.72,66,100,21.7,NO,2020-01-30 02:10:13
Loa Janan,1637510,-0.58,117.09,88.56,61,99,4.32,ID,2020-01-30 02:10:13
Cape Canaveral,4149959,28.41,-80.6,63.36,88,20,8.05,US,2020-01-30 02:10:13
Qaanaaq,3831208,77.48,-69.36,-19.32,95,100,1.34,GL,2020-01-30 02:10:13
Iskateley,866062,67.68,53.15,-15.29,98,86,4.25,RU,2020-01-30 02:06:07
Tigil,2120612,57.8,158.67,15.73,91,98,11.12,RU,2020-01-30 02:10:14
Zhaodong,2033168,46.08,125.98,9.1,83,0,2.24,CN,2020-01-30 02:10:14
Mairang,1264285,25.57,91.63,59.0,93,75,5.7,IN,2020-01-30 02:10:14
Anadyr,2127202,64.75,177.48,-7.31,76,40,2.24,RU,2020-01-30 02:10:15
Aborlan,1732385,9.44,118.55,86.0,62,20,11.41,PH,2020-01-30 02:10:15
Kempele,653253,64.92,25.58,21.11,92,90,10.29,FI,2020-01-30 02:10:15
Sadon,525990,42.85,44.0,29.26,67,94,7.29,RU,2020-01-30 02:10:15
Bekhtery,712682,46.25,32.29,35.01,99,52,11.39,UA,2020-01-30 02:10:15
Saskylakh,2017155,71.92,114.08,-15.14,98,92,2.82,RU,2020-01-30 02:10:16
Bubaque,2374583,11.28,-15.83,77.16,73,100,10.07,GW,2020-01-30 02:10:16
Sitka,5557293,57.05,-135.33,35.49,68,90,3.36,US,2020-01-30 02:10:16
Bandarbeyla,64814,9.49,50.81,74.17,67,100,16.44,SO,2020-01-30 02:10:16
Souillac,933995,-20.52,57.52,74.61,83,40,2.53,MU,2020-01-30 02:10:17
Plettenberg Bay,964712,-34.05,23.37,62.98,84,32,4.72,ZA,2020-01-30 02:10:18
Angicos,3407544,-5.67,-36.6,78.51,76,15,10.58,BR,2020-01-30 02:10:18
Nan,1608451,18.83,100.67,55.4,87,0,3.36,TH,2020-01-30 02:10:18
Yellowknife,6185377,62.46,-114.35,15.28,92,90,10.29,CA,2020-01-30 02:10:19
San Patricio,3985168,19.22,-104.7,82.4,69,75,4.38,MX,2020-01-30 02:10:19
Zhuhai,1790437,22.28,113.57,56.12,58,0,20.8,CN,2020-01-30 02:10:19
Miyako,2111884,39.64,141.95,44.2,75,56,5.32,JP,2020-01-30 02:10:19
Butka,1508589,56.72,63.79,-3.69,92,92,6.46,RU,2020-01-30 02:10:19
Mahebourg,934322,-20.41,57.7,74.61,83,40,2.53,MU,2020-01-30 02:10:20
Yablochnyy,2119640,47.17,142.07,23.0,85,90,13.42,RU,2020-01-30 02:10:24
Vila Velha,3445026,-20.33,-40.29,78.91,88,20,10.29,BR,2020-01-30 02:07:39
Tromso,6453316,69.65,18.96,14.9,73,100,27.51,NO,2020-01-30 02:10:24
Dubbo,2168305,-32.25,148.62,96.8,32,0,6.93,AU,2020-01-30 02:10:24
Leningradskiy,2123814,69.38,178.42,-14.84,95,99,11.52,RU,2020-01-30 02:10:25
Camopi,3382226,3.17,-52.32,71.83,99,83,2.44,GF,2020-01-30 02:10:25
Muros,3115824,42.78,-9.06,57.07,93,75,14.99,ES,2020-01-30 02:10:25
Lagoa,3372964,39.05,-27.98,62.76,87,100,16.75,PT,2020-01-30 02:10:25
Bouar,2387926,5.93,15.6,68.47,16,100,6.91,CF,2020-01-30 02:10:26
Torbay,6167817,47.67,-52.73,29.03,92,90,9.17,CA,2020-01-30 02:06:38
Tet,3043946,47.52,17.51,34.65,80,57,6.93,HU,2020-01-30 02:10:26
Moissac,2993586,44.1,1.09,48.51,87,90,5.82,FR,2020-01-30 02:10:26
Carnarvon,2074865,-24.87,113.63,77.0,65,90,19.46,AU,2020-01-30 02:10:26
Rio Branco do Sul,3451242,-25.19,-49.31,68.61,88,75,10.29,BR,2020-01-30 02:10:27
Aripuana,3665202,-9.17,-60.63,74.48,97,100,1.21,BR,2020-01-30 02:10:27
Chumikan,2025256,54.72,135.31,8.56,68,0,1.81,RU,2020-01-30 02:10:27
Pangnirtung,6096551,66.15,-65.71,-16.58,74,100,1.79,CA,2020-01-30 02:10:27
Bushtyno,711105,48.05,23.49,33.93,97,100,6.93,UA,2020-01-30 02:10:28
Camacupa,3351014,-12.02,17.48,62.1,96,100,0.34,AO,2020-01-30 02:10:28
Aksarka,1512019,66.56,67.8,-15.66,100,99,1.88,RU,2020-01-30 02:10:28
Yulara,6355222,-25.24,130.99,89.6,43,75,13.87,AU,2020-01-30 02:10:28
Dingtao,1812754,35.07,115.56,43.81,49,0,6.2,CN,2020-01-30 02:10:29
Addanki,1279356,15.82,79.98,75.65,77,0,1.97,IN,2020-01-30 02:10:29
Nemuro,2128975,43.32,145.57,32.0,95,90,20.8,JP,2020-01-30 02:10:29
Atambua,1651103,-9.11,124.89,84.7,68,87,7.05,ID,2020-01-30 02:10:29
OErnskoeldsvik,2686469,63.29,18.72,31.8,100,100,6.93,SE,2020-01-30 02:10:30
Sao Gabriel da Cachoeira,3662342,-0.13,-67.09,75.09,94,100,0.81,BR,2020-01-30 02:10:30
Severomuysk,2016907,56.15,113.43,3.6,93,100,1.86,RU,2020-01-30 02:10:30
Kaeo,2189343,-35.1,173.78,82.74,67,1,5.99,NZ,2020-01-30 02:10:30
Santa Vitoria do Palmar,3449747,-33.52,-53.37,68.76,85,0,7.09,BR,2020-01-30 02:10:31
Kununurra,2068110,-15.77,128.73,93.2,46,90,10.29,AU,2020-01-30 02:10:31
San-Pedro,2282006,4.75,-6.64,81.79,85,8,9.1,CI,2020-01-30 02:10:31
Rorvik,3141310,64.86,11.24,34.0,67,100,11.01,NO,2020-01-30 02:10:31
Oksfjord,778362,70.24,22.35,16.41,72,95,38.03,NO,2020-01-30 02:10:32
Osorno,3877949,-40.57,-73.15,45.75,86,0,4.14,CL,2020-01-30 02:10:32
Moose Factory,6078372,51.26,-80.61,8.6,84,90,6.93,CA,2020-01-30 02:10:32
Paphos,146214,34.77,32.42,51.15,87,75,6.93,CY,2020-01-30 02:05:57
Ballina,2177069,-28.87,153.57,86.09,79,75,11.41,AU,2020-01-30 02:10:32
Diu,1272502,20.71,70.98,67.78,59,0,13.76,IN,2020-01-30 02:10:33
Vila Franca do Campo,3372472,37.72,-25.43,62.6,93,20,13.87,PT,2020-01-30 02:10:33
Aguadilla,4562506,18.43,-67.15,73.65,84,1,3.36,PR,2020-01-30 02:10:33
Batagay,2027044,67.63,134.63,-14.6,88,0,4.09,RU,2020-01-30 02:09:00
Shenjiamen,1795632,29.96,122.3,43.16,69,93,27.04,CN,2020-01-30 02:10:34
Berdigestyakh,2026861,62.1,126.7,-6.23,92,100,7.83,RU,2020-01-30 02:10:34
Paso de los Toros,3441273,-32.82,-56.52,66.34,81,100,17.96,UY,2020-01-30 02:10:34
Russell,4047434,32.35,-85.2,46.22,81,90,2.44,US,2020-01-30 02:09:43
Locri,2524371,38.24,16.26,59.02,82,40,10.29,IT,2020-01-30 02:10:34
Pak Chong,1608057,14.71,101.42,72.25,56,87,7.85,TH,2020-01-30 02:10:35
Port Hardy,6111862,50.7,-127.42,41.0,100,75,5.82,CA,2020-01-30 02:09:14
Saryg-Sep,1492948,51.5,95.6,4.08,95,100,0.63,RU,2020-01-30 02:10:35
Dingle,1714733,11.0,122.67,82.99,65,100,8.1,PH,2020-01-30 02:06:03
Uglich,479532,57.53,38.33,29.39,95,100,6.78,RU,2020-01-30 02:10:35
Mount Isa,2065594,-20.73,139.5,84.2,79,75,17.22,AU,2020-01-30 02:10:36
Morant Bay,3489440,17.88,-76.41,75.9,69,20,4.7,JM,2020-01-30 02:10:36
Palotina,3455298,-24.28,-53.84,71.65,90,100,8.23,BR,2020-01-30 02:10:37
Grindavik,3416888,63.84,-22.43,25.9,80,0,13.87,IS,2020-01-30 02:10:37
Buchanan,2278158,5.88,-10.05,77.0,94,20,3.87,LR,2020-01-30 02:10:37
Bauchi,2347468,10.5,10.0,57.85,17,0,3.58,NG,2020-01-30 02:10:38
Tiznit,2527087,29.58,-9.5,55.11,38,99,1.81,MA,2020-01-30 02:10:39
Maningrida,2067089,-12.07,134.27,85.14,78,20,19.24,AU,2020-01-30 02:10:40
Hasaki,2112802,35.73,140.83,56.48,58,20,4.7,JP,2020-01-30 02:10:40
San Lorenzo,3437056,-25.33,-57.53,73.4,94,90,11.41,PY,2020-01-30 02:10:40
Araguaina,3407357,-7.19,-48.21,75.43,87,22,1.61,BR,2020-01-30 02:10:40
Chernyshevskiy,2025456,63.01,112.47,6.19,95,94,8.86,RU,2020-01-30 02:10:40
Mossamedes,3347019,-15.2,12.15,75.61,79,100,5.41,AO,2020-01-30 02:05:44
Alyangula,2079582,-13.85,136.42,89.6,66,99,10.29,AU,2020-01-30 02:10:41
Chontalpa,3530749,17.7,-93.52,70.07,96,95,3.11,MX,2020-01-30 02:10:41
Tangwani,1163912,28.28,69.0,48.2,87,15,10.92,PK,2020-01-30 02:10:41
Nizhniy Kuranakh,2019135,58.84,125.49,7.9,80,0,3.38,RU,2020-01-30 02:10:41
Nadvoitsy,523662,63.87,34.32,6.49,95,100,7.16,RU,2020-01-30 02:10:42
Bulancak,750317,40.94,38.23,57.2,50,75,5.82,TR,2020-01-30 02:10:42
Grand Gaube,934479,-20.01,57.66,74.46,83,40,7.18,MU,2020-01-30 02:10:42
Nizhnyaya Tavda,1497376,57.67,66.17,-8.07,97,100,3.71,RU,2020-01-30 02:10:42
Padang,1633419,-0.95,100.35,80.51,55,100,2.46,ID,2020-01-30 02:08:13
Mouila,2398073,-1.87,11.06,72.97,97,100,0.98,GA,2020-01-30 02:10:43
Evensk,2125693,61.95,159.23,-8.39,75,83,10.89,RU,2020-01-30 02:10:43
Harper,2276492,4.38,-7.72,78.26,92,69,2.13,LR,2020-01-30 02:09:06
Alice Town,3572924,25.72,-79.3,75.43,79,27,12.77,BS,2020-01-30 02:10:43
Zholymbet,1516527,51.74,71.71,-9.38,88,74,4.47,KZ,2020-01-30 02:10:44
Bonoua,2291087,5.27,-3.6,82.4,83,81,5.82,CI,2020-01-30 02:10:44
Puerto Escondido,3520994,15.85,-97.07,80.6,83,20,6.93,MX,2020-01-30 02:10:45
Vredendal,3359736,-31.67,18.5,62.71,74,0,0.27,ZA,2020-01-30 02:10:45
Daru,2098329,-9.08,143.21,92.39,61,100,1.21,PG,2020-01-30 02:10:45
Nizhniy Baskunchak,520798,48.22,46.83,34.0,83,100,8.16,RU,2020-01-30 02:10:45
Coahuayana Viejo,4013679,18.73,-103.68,69.8,77,75,11.41,MX,2020-01-30 02:08:52
Bilma,2446796,18.69,12.92,62.83,13,26,8.88,NE,2020-01-30 02:10:46
Krasnovishersk,542184,60.41,57.08,3.54,96,100,3.53,RU,2020-01-30 02:10:46
Thinadhoo,1337610,0.53,72.93,80.8,78,11,15.77,MV,2020-01-30 02:10:46
Pitkyaranta,509234,61.57,31.48,23.77,90,97,11.63,RU,2020-01-30 02:10:47
Nioro,2412408,13.35,-15.75,70.88,10,59,3.24,GM,2020-01-30 02:10:47
Yatou,1786855,37.15,122.38,35.29,66,16,18.19,CN,2020-01-30 02:11:08
Praia,3374333,14.92,-23.51,71.6,68,0,8.05,CV,2020-01-30 02:11:08
Vagur,2610806,61.47,-6.81,42.13,75,100,18.45,FO,2020-01-30 02:11:08
Inndyr,3151056,67.03,14.03,29.55,58,75,27.51,NO,2020-01-30 02:11:09
Villa Carlos Paz,3832791,-31.42,-64.5,64.35,89,68,4.94,AR,2020-01-30 02:11:09
Tura,1254046,25.52,90.22,69.62,51,5,2.1,IN,2020-01-30 02:11:09
Samarai,2132606,-10.62,150.67,84.11,78,100,6.85,PG,2020-01-30 02:11:09
Yumen,1528998,40.28,97.2,28.27,28,0,0.96,CN,2020-01-30 02:11:10
Gushikawa,1863495,26.35,127.87,59.68,51,40,24.16,JP,2020-01-30 02:11:10
Nhulunbuy,2064735,-12.23,136.77,91.4,59,40,14.99,AU,2020-01-30 02:11:10
Lompoc,5367788,34.64,-120.46,56.1,71,1,3.36,US,2020-01-30 02:11:10
Cayenne,3382160,4.93,-52.33,78.8,83,20,5.82,GF,2020-01-30 02:11:10
Glazov,561347,58.14,52.66,12.65,95,100,6.62,RU,2020-01-30 02:11:11
Caramay,1718517,10.18,119.24,85.26,55,100,0.98,PH,2020-01-30 02:11:11
Campbell River,5914132,50.02,-125.24,43.09,93,20,2.24,CA,2020-01-30 02:11:11
Pohrebyshche,696771,49.49,29.26,33.28,94,100,21.18,UA,2020-01-30 02:11:12
Lixouri,258175,38.2,20.43,53.01,78,25,17.72,GR,2020-01-30 02:11:12
Srednekolymsk,2121025,67.45,153.68,-22.47,80,51,6.35,RU,2020-01-30 02:11:12
Gribanovskiy,558799,51.46,41.98,34.0,97,100,7.0,RU,2020-01-30 02:11:12
Andapa,1076454,-14.65,49.65,67.41,99,100,1.25,MG,2020-01-30 02:11:12
Abong Mbang,2236053,3.98,13.18,61.48,39,100,2.35,CM,2020-01-30 02:11:13
Adre,245669,13.47,22.2,57.29,11,81,17.2,TD,2020-01-30 02:11:13
Kuching,1735634,1.55,110.33,78.49,94,90,2.24,MY,2020-01-30 02:11:14
Pangai,4032369,-19.8,-174.35,84.2,79,20,8.05,TO,2020-01-30 02:11:14
Touros,3386213,-5.2,-35.46,80.6,78,20,5.82,BR,2020-01-30 02:11:14
El Carrizo,4010589,24.03,-106.88,64.99,92,100,1.43,MX,2020-01-30 02:11:14
Simao,1794209,22.79,100.97,60.64,53,0,2.06,CN,2020-01-30 02:11:15
La Ferte-Bernard,3009494,48.19,0.65,39.52,93,75,4.7,FR,2020-01-30 02:11:15
Saint-Augustin,6137462,51.23,-58.65,11.01,82,100,15.9,CA,2020-01-30 02:11:15
Namatanai,2090021,-3.67,152.43,86.27,72,71,17.87,PG,2020-01-30 02:11:15
Saint Anthony,5044290,45.02,-93.22,19.4,73,90,3.36,US,2020-01-30 02:11:15
Voh,2137748,-20.97,164.7,78.35,73,0,20.56,NC,2020-01-30 02:11:16
Tepalcatepec,3982007,19.18,-102.85,62.24,86,63,8.57,MX,2020-01-30 02:11:16
Beboto,2435837,8.27,16.94,64.85,15,96,3.6,TD,2020-01-30 02:11:16
Pleshanovo,509017,52.83,53.48,14.05,94,100,12.73,RU,2020-01-30 02:11:16
Camiri,3922414,-20.05,-63.52,67.42,96,100,2.46,BO,2020-01-30 02:11:17
Traverse City,5012495,44.76,-85.62,27.99,86,90,4.79,US,2020-01-30 02:10:53
Lokosovo,1500399,61.13,74.82,-23.6,97,7,5.91,RU,2020-01-30 02:11:17
Klaksvik,2618795,62.23,-6.59,33.8,70,76,3.36,FO,2020-01-30 02:11:17
Gainesville,4156404,29.65,-82.32,53.37,100,90,4.7,US,2020-01-30 02:07:54
Te Anau,2181625,-45.42,167.72,55.65,78,90,12.59,NZ,2020-01-30 02:11:18
Andenes,3163146,69.31,16.12,27.28,74,100,18.34,NO,2020-01-30 02:11:18
Karasjok,779350,69.47,25.51,14.0,78,100,53.02,NO,2020-01-30 02:11:18
Iqaluit,5983720,63.75,-68.51,-7.29,76,90,2.24,CA,2020-01-30 02:11:18
Valparaiso,3868626,-33.04,-71.63,59.74,93,0,3.33,CL,2020-01-30 02:08:41
Palmer,4946620,42.16,-72.33,26.35,33,1,5.7,US,2020-01-30 02:11:19
Boa Vista,3664980,2.82,-60.67,82.4,65,85,10.29,BR,2020-01-30 02:10:57
Terrace,6162949,54.52,-128.6,35.6,93,90,18.34,CA,2020-01-30 02:11:25
Luba,2309528,3.46,8.55,73.4,83,20,1.12,GQ,2020-01-30 02:11:26
Troitskoye,1489209,52.98,84.68,-11.24,99,100,3.8,RU,2020-01-30 02:11:26
Roald,3141667,62.58,6.13,33.73,93,75,11.41,NO,2020-01-30 02:11:26
Kangayam,1268095,11.0,77.57,69.8,83,20,6.38,IN,2020-01-30 02:11:27
Nsunga,151363,-1.14,31.39,66.2,93,75,1.25,TZ,2020-01-30 02:11:27
Sayyan,70979,15.17,44.32,45.19,44,0,0.22,YE,2020-01-30 02:11:27
Abu Samrah,172515,35.3,37.18,47.01,87,18,6.62,SY,2020-01-30 02:07:59
Kostanay,1519928,53.17,63.58,-9.4,83,13,4.47,KZ,2020-01-30 02:11:28
Junagarh,1268772,19.87,82.93,73.53,55,9,2.55,IN,2020-01-30 02:11:28
Blacksburg,4747845,37.23,-80.41,33.67,74,90,5.1,US,2020-01-30 02:07:50
Biltine,244878,14.53,20.92,62.51,10,91,15.35,TD,2020-01-30 02:11:29
Xiangxiang,1790471,27.73,112.53,51.94,55,0,0.69,CN,2020-01-30 02:11:29
Maluso,1702425,6.54,121.88,84.2,74,20,4.7,PH,2020-01-30 02:11:29
Kaberamaido,233019,1.74,33.16,70.11,80,99,12.88,UG,2020-01-30 02:11:29
Tete,1026014,-16.16,33.59,77.0,100,75,2.95,MZ,2020-01-30 02:11:29
Sovetskiy,1491230,61.36,63.58,-14.4,98,0,4.7,RU,2020-01-30 02:11:30
Arlit,2447513,18.74,7.39,67.19,10,0,6.73,NE,2020-01-30 02:11:30
Vanimo,2084442,-2.67,141.3,83.34,75,100,13.0,PG,2020-01-30 02:11:30
Umm Lajj,100926,25.02,37.27,58.42,28,73,9.31,SA,2020-01-30 02:11:31
Olavarria,3842670,-36.89,-60.32,62.01,46,17,1.99,AR,2020-01-30 02:11:31
Segovia,3109254,41.17,-4.0,46.69,33,100,2.04,ES,2020-01-30 02:11:31
Bohorodchany,711887,48.81,24.54,32.41,74,81,12.77,UA,2020-01-30 02:11:31
Boden,606531,65.83,21.69,26.6,92,100,8.05,SE,2020-01-30 02:11:31
Maunabo,4566208,18.01,-65.9,73.31,88,40,2.89,PR,2020-01-30 02:11:32
Puerto Madero,3520989,14.72,-92.42,77.0,88,40,4.54,MX,2020-01-30 02:11:32
Zafarabad,1252702,25.7,82.73,59.0,93,75,9.17,IN,2020-01-30 02:11:32
Severo-Kuril'sk,2121385,50.68,156.12,23.07,85,100,1.36,RU,2020-01-30 02:11:32
Bilibino,2126682,68.05,166.44,-30.44,100,98,1.9,RU,2020-01-30 02:11:32
Kizema,547871,61.11,44.83,-1.07,98,92,3.53,RU,2020-01-30 02:11:33
Kasempa,912628,-13.46,25.83,63.1,97,100,4.9,ZM,2020-01-30 02:11:33
Nadlac,672546,46.17,20.75,33.58,100,87,9.17,RO,2020-01-30 02:11:33
Changping,2038154,40.22,116.22,38.73,58,0,2.24,CN,2020-01-30 02:11:33
Tongliao,2034400,43.61,122.27,6.87,88,0,8.28,CN,2020-01-30 02:11:34
Kralendijk,3513563,12.15,-68.27,78.8,78,0,6.93,BQ,2020-01-30 02:11:34
Carnot,2387495,4.94,15.87,66.04,23,100,2.77,CF,2020-01-30 02:11:35
Katsuura,2112309,35.13,140.3,57.2,82,20,10.29,JP,2020-01-30 02:09:05
Flagstaff,5294810,35.2,-111.65,37.33,59,1,12.75,US,2020-01-30 02:11:35
Kajiado,195298,-1.85,36.78,62.6,100,75,3.36,KE,2020-01-30 02:11:35
Cidreira,3466165,-30.18,-50.21,75.78,86,0,15.48,BR,2020-01-30 02:06:54
Matane,6696260,48.83,-67.52,10.24,66,5,18.34,CA,2020-01-30 02:10:43
Cilibia,681912,45.07,27.07,38.7,57,100,5.66,RO,2020-01-30 02:11:38
Tiksi,2015306,71.69,128.87,-14.58,94,100,2.82,RU,2020-01-30 02:11:38
Shumskiy,1491977,54.83,99.13,4.28,88,100,3.65,RU,2020-01-30 02:11:38
Suntar,2015913,62.14,117.63,11.26,89,100,8.93,RU,2020-01-30 02:11:38
Carauari,3664659,-4.88,-66.9,74.16,98,100,4.43,BR,2020-01-30 02:11:39
Rumuruti,180992,0.27,36.54,61.21,83,100,7.25,KE,2020-01-30 02:11:40
Choa Saidan Shah,1181053,32.72,72.98,47.75,83,0,2.04,PK,2020-01-30 02:11:40
Churachandpur,1273909,24.33,93.67,48.2,93,20,0.87,IN,2020-01-30 02:11:40
Blyth,2655315,55.13,-1.51,47.86,81,75,20.8,GB,2020-01-30 02:11:40
Itupiranga,3397851,-5.13,-49.33,80.6,88,40,3.36,BR,2020-01-30 02:11:40
Hastings,2647356,50.86,0.57,45.97,93,93,18.34,GB,2020-01-30 02:08:44
Douentza,2458334,15.0,-2.95,64.98,12,0,3.22,ML,2020-01-30 02:11:41
Eilat,295277,29.56,34.95,51.8,57,0,6.93,IL,2020-01-30 02:11:41
Mangrol,1263752,21.12,70.12,64.72,56,0,12.55,IN,2020-01-30 02:11:41
Ulcinj,3188516,41.93,19.22,37.47,93,0,3.36,ME,2020-01-30 02:11:42
Kasongo-Lunda,2315026,-6.47,16.82,68.59,96,100,1.39,CD,2020-01-30 02:11:42
Povenets,505820,62.85,34.83,7.81,95,100,6.6,RU,2020-01-30 02:11:42
Wanaka,2184707,-44.7,169.15,59.34,51,59,12.97,NZ,2020-01-30 02:09:44
North Bend,5742974,43.41,-124.22,50.61,93,90,9.17,US,2020-01-30 02:11:43
Saint-Joseph,6690296,-21.37,55.62,69.4,68,0,6.93,RE,2020-01-30 02:11:43
Ryotsu,1853371,38.08,138.43,51.1,81,75,4.7,JP,2020-01-30 02:11:43
Chegdomyn,2025579,51.12,133.02,1.11,88,67,2.01,RU,2020-01-30 02:11:43
Fort Nelson,5955902,58.81,-122.7,3.2,84,75,2.24,CA,2020-01-30 02:11:44
Whitehorse,6180550,60.72,-135.05,29.98,86,75,14.99,CA,2020-01-30 02:09:39
Fergus Falls,5026416,46.28,-96.08,17.35,92,90,9.17,US,2020-01-30 02:11:48
Seymchan,2121373,62.88,152.43,-24.3,96,13,2.15,RU,2020-01-30 02:11:48
Ponta do Sol,2264557,32.67,-17.1,56.35,77,20,1.12,PT,2020-01-30 02:11:48
Virginia Beach,4791259,36.85,-75.98,36.64,80,1,4.7,US,2020-01-30 02:02:37
Raudeberg,3146487,61.99,5.14,37.15,93,0,10.29,NO,2020-01-30 02:11:49
Cucutilla,3685529,7.54,-72.77,75.51,74,40,3.36,CO,2020-01-30 02:11:49
Chegutu,894239,-18.13,30.14,65.19,92,100,3.33,ZW,2020-01-30 02:11:49
Taizhou,1793505,32.49,119.91,42.69,52,0,8.01,CN,2020-01-30 02:11:49
La Palma,5364022,33.85,-118.05,65.68,32,1,6.93,US,2020-01-30 02:11:50
Belle Fourche,5762718,44.67,-103.85,32.34,74,90,4.7,US,2020-01-30 02:11:50
Praia da Vitoria,3372760,38.73,-27.07,64.4,77,40,19.8,PT,2020-01-30 02:11:50
Boguchany,1509844,58.38,97.45,1.33,86,95,12.84,RU,2020-01-30 02:11:50
Baykit,1510689,61.67,96.37,-3.39,89,93,8.37,RU,2020-01-30 02:11:51
Port Augusta,2063056,-32.5,137.77,105.64,11,1,11.41,AU,2020-01-30 02:11:51
La Sarre,6050194,48.8,-79.2,-1.88,93,11,3.09,CA,2020-01-30 02:12:12
Dalnerechensk,2025159,45.93,133.72,9.95,88,95,4.21,RU,2020-01-30 02:12:15
Tokur,2015217,53.13,132.9,4.12,74,0,1.86,RU,2020-01-30 02:12:16
Ola,2122574,59.58,151.28,-4.09,70,0,2.8,RU,2020-01-30 02:12:16
Zilair,462626,52.23,57.44,4.46,96,100,5.55,RU,2020-01-30 02:12:16
Darhan,2031964,49.49,105.92,8.15,91,84,2.44,MN,2020-01-30 02:12:17
Butembo,217562,0.15,29.28,62.44,77,80,3.47,CD,2020-01-30 02:12:17
General Roca,3855065,-39.03,-67.58,62.6,55,0,1.86,AR,2020-01-30 02:12:17
Cap Malheureux,934649,-19.98,57.61,73.69,88,40,5.82,MU,2020-01-30 02:12:17
Dahuk,96994,36.87,42.99,34.74,72,0,4.74,IQ,2020-01-30 02:12:17
Makinsk,1521230,52.63,70.42,-9.47,94,78,6.4,KZ,2020-01-30 02:12:18
Morehead,4301317,37.27,-87.18,37.92,100,90,4.7,US,2020-01-30 02:12:18
El Zulia,3682682,7.93,-72.6,80.6,74,40,3.36,CO,2020-01-30 02:12:18
Najran,103630,17.49,44.13,53.6,40,0,1.36,SA,2020-01-30 02:07:25
Masterton,2206890,-40.96,175.66,72.79,70,100,14.0,NZ,2020-01-30 02:10:52
Huarmey,3939168,-10.07,-78.15,72.81,72,100,2.57,PE,2020-01-30 02:09:26
Havre-Saint-Pierre,5972291,50.23,-63.6,10.4,60,1,10.29,CA,2020-01-30 02:12:19
Katherine,2068655,-14.47,132.27,89.6,59,40,9.17,AU,2020-01-30 02:12:19
Englewood,5421250,39.65,-104.99,33.21,98,90,3.36,US,2020-01-30 02:10:46
Savannah Bight,3601402,16.45,-85.85,79.93,84,2,11.43,HN,2020-01-30 02:12:20
Malbork,3092472,54.04,19.03,37.58,93,75,13.87,PL,2020-01-30 02:12:20
Anton Lizardo,3532821,19.05,-95.98,71.82,78,75,11.41,MX,2020-01-30 02:12:20
Makat,608872,47.65,53.35,33.03,87,100,18.19,KZ,2020-01-30 02:12:20
Hit,95788,33.64,42.83,49.15,68,0,6.96,IQ,2020-01-30 02:08:57
Mogadishu,53654,2.04,45.34,78.44,82,97,22.3,SO,2020-01-30 02:12:21
Luena,3347719,-11.78,19.92,61.32,96,100,2.75,AO,2020-01-30 02:12:21
Sao Joao da Barra,3448903,-21.64,-41.05,78.04,90,100,11.12,BR,2020-01-30 02:12:21
Honiara,2108502,-9.43,159.95,86.0,79,90,5.82,SB,2020-01-30 02:10:43
Wahiawa,5853992,21.5,-158.02,79.2,69,75,10.29,US,2020-01-30 02:09:53
Muhafazat Lahij,6201197,13.17,44.58,68.56,77,100,12.41,YE,2020-01-30 02:12:22
Abu Kamal,174448,34.45,40.92,47.52,75,0,7.87,SY,2020-01-30 02:12:22
Skjervoy,777682,70.03,20.97,20.14,76,89,23.29,NO,2020-01-30 02:12:22
Finote Selam,337712,10.7,37.27,51.71,56,68,2.93,ET,2020-01-30 02:12:22
Mpika,905846,-11.83,31.45,61.47,97,100,1.25,ZM,2020-01-30 02:12:23
Del Rio,5520076,29.36,-100.9,59.34,22,1,4.7,US,2020-01-30 02:12:23
Ilabaya,3938455,-17.42,-70.51,60.8,91,98,5.14,PE,2020-01-30 02:12:23
Sola,2134814,-13.88,167.55,82.35,78,100,15.68,VU,2020-01-30 02:12:23
Kudahuvadhoo,1337607,2.67,72.89,80.46,77,0,15.32,MV,2020-01-30 02:12:23
Gwadar,1177446,25.12,62.33,66.94,43,0,5.7,PK,2020-01-30 02:08:58
Necochea,3430443,-38.55,-58.74,49.23,93,44,1.01,AR,2020-01-30 02:07:30
Capreol,5959803,46.71,-80.92,8.82,78,20,8.05,CA,2020-01-30 02:12:24
Pailon,3909010,-17.65,-62.75,73.4,100,75,6.93,BO,2020-01-30 02:12:24
Santa Fe,3836277,-31.63,-60.7,72.0,76,100,8.01,AR,2020-01-30 02:12:25
Biharamulo,161154,-2.63,31.31,63.1,89,85,1.05,TZ,2020-01-30 02:12:25
Margate,2643044,51.38,1.39,45.1,93,99,18.34,GB,2020-01-30 02:12:25
Mayya,2020121,61.73,130.28,-29.2,73,21,4.47,RU,2020-01-30 02:12:25
Kidal,2455290,18.44,1.41,69.49,13,20,8.37,ML,2020-01-30 02:12:26
Ormara,1168700,25.21,64.64,68.22,45,0,11.92,PK,2020-01-30 02:12:14
Dergaon,1273166,26.7,93.97,60.75,81,48,5.68,IN,2020-01-30 02:12:26
Kieta,2094027,-6.22,155.63,87.55,65,99,7.72,PG,2020-01-30 02:12:26
Yishui,1786455,35.78,118.63,31.96,50,0,14.18,CN,2020-01-30 02:12:27
Ngunguru,2186111,-35.62,174.5,81.0,67,18,5.99,NZ,2020-01-30 02:12:27
Barra de Tecoanapa,3516171,16.52,-98.75,73.36,74,92,2.3,MX,2020-01-30 02:12:27
Strzelce Opolskie,3084415,50.51,18.3,35.89,80,90,17.22,PL,2020-01-30 02:12:27
Troitsko-Pechorsk,481548,62.71,56.2,-7.17,99,100,4.0,RU,2020-01-30 02:12:27
Pimentel,3693584,-6.84,-79.93,66.2,29,40,16.11,PE,2020-01-30 02:12:28
Sisimiut,3419842,66.94,-53.67,-6.27,87,31,5.7,GL,2020-01-30 02:12:28
Thunder Bay,6166142,48.4,-89.32,18.19,72,75,2.24,CA,2020-01-30 02:12:28
Batemans Bay,2176639,-35.72,150.18,81.7,79,0,15.01,AU,2020-01-30 02:12:28
Deer Park,4685737,29.71,-95.12,50.14,71,90,11.41,US,2020-01-30 02:12:29
Partizanskoye,1495538,55.5,94.39,1.99,86,100,13.58,RU,2020-01-30 02:12:29
Urumqi,1529102,43.8,87.6,8.6,84,90,2.24,CN,2020-01-30 02:07:41
Bariloche,7647007,-41.15,-71.31,59.0,47,0,14.99,AR,2020-01-30 02:12:29
Nanortalik,3421765,60.14,-45.24,22.08,48,0,25.99,GL,2020-01-30 02:12:29
Manokwari,1636308,-0.87,134.08,81.64,78,22,6.89,ID,2020-01-30 02:12:30
Oyama,1853483,36.3,139.8,57.42,62,20,1.12,JP,2020-01-30 02:12:30
Genhe,2037252,50.78,121.52,5.59,88,54,3.31,CN,2020-01-30 02:12:30
Laives,6535956,46.42,11.33,29.34,66,10,4.65,IT,2020-01-30 02:12:31
Yantal,2055868,56.85,105.25,16.93,93,100,9.8,RU,2020-01-30 02:12:31
Marfino,529368,55.7,37.38,31.84,97,90,8.95,RU,2020-01-30 02:12:31
Otofuke,2128558,42.99,143.2,32.0,98,90,17.22,JP,2020-01-30 02:12:32
Mersa Matruh,352733,31.35,27.25,50.0,87,0,13.47,EG,2020-01-30 02:12:32
Tautira,4033557,-17.73,-149.15,86.0,70,75,8.05,PF,2020-01-30 02:12:32
OEstersund,2685750,63.18,14.64,24.69,100,100,4.7,SE,2020-01-30 02:12:32
Ipatovo,556230,45.72,42.9,39.4,84,100,6.82,RU,2020-01-30 02:12:32
Caravelas,3466980,-17.71,-39.25,79.47,85,12,11.83,BR,2020-01-30 02:11:46
Ithaca,5122432,42.44,-76.5,17.33,92,90,2.53,US,2020-01-30 02:08:35
Honningsvag,779554,70.98,25.97,20.91,74,95,23.29,NO,2020-01-30 02:12:33
Kerrobert,5991284,51.92,-109.13,19.99,92,75,19.46,CA,2020-01-30 02:12:33
Campohermoso,2513222,36.94,-2.13,51.8,93,75,3.36,ES,2020-01-30 02:12:34
Port Blair,1259385,11.67,92.75,79.09,68,97,12.84,IN,2020-01-30 02:12:34
Hervey Bay,2146219,-25.3,152.85,89.06,48,21,12.75,AU,2020-01-30 02:12:34
Ayan,2027316,56.45,138.17,7.83,70,0,2.26,RU,2020-01-30 02:12:34
Oriximina,3393471,-1.77,-55.87,79.7,76,7,4.16,BR,2020-01-30 02:12:35
Zeya,2012593,53.75,127.27,0.48,87,35,0.94,RU,2020-01-30 02:12:35
Abay,1526970,49.63,72.85,-16.6,75,100,8.95,KZ,2020-01-30 02:12:35
Avera,4231997,33.19,-82.53,46.56,100,90,4.7,US,2020-01-30 02:12:35
Gannan,2037311,47.91,123.5,9.59,75,0,0.65,CN,2020-01-30 02:12:35
Chara,2025630,56.91,118.26,3.0,75,86,2.33,RU,2020-01-30 02:12:36
Poli,150689,-3.33,36.8,67.93,93,75,2.35,TZ,2020-01-30 02:07:53
Lerwick,2644605,60.15,-1.15,40.12,81,68,12.75,GB,2020-01-30 02:12:36
Balikpapan,1650527,-1.27,116.83,75.2,100,40,8.05,ID,2020-01-30 02:11:19
San Quintin,3984997,30.48,-115.95,64.13,32,0,21.54,MX,2020-01-30 02:12:36
Lakes Entrance,2160735,-37.88,147.98,99.36,25,0,3.0,AU,2020-01-30 02:12:37
Karratha,6620339,-20.74,116.85,90.91,48,0,15.7,AU,2020-01-30 02:12:37
Soe,1626703,-9.86,124.28,89.19,53,0,2.04,ID,2020-01-30 02:12:37
Alappuzha,1278985,9.49,76.33,79.16,71,100,2.46,IN,2020-01-30 02:12:08
Kaabong,233093,3.48,34.15,62.64,77,100,5.21,UG,2020-01-30 02:12:37
Jhelum,1175864,32.93,73.73,46.83,83,0,4.03,PK,2020-01-30 02:11:16
Semnan,116402,35.57,53.4,34.95,60,96,2.46,IR,2020-01-30 02:12:38
Greensboro,4469146,36.07,-79.79,39.9,60,90,5.91,US,2020-01-30 02:09:10
Ostrovnoy,556268,68.05,39.51,0.66,95,0,7.36,RU,2020-01-30 02:12:39
Borogontsy,2026160,62.67,131.17,-18.09,90,0,8.52,RU,2020-01-30 02:12:39
Ratnagiri,1258338,16.98,73.3,65.28,64,0,1.99,IN,2020-01-30 02:12:39
Chokurdakh,2126123,70.63,147.92,-14.89,97,100,8.72,RU,2020-01-30 02:12:39
Sinazongwe,897456,-17.26,27.46,74.16,83,1,7.43,ZM,2020-01-30 02:12:39
Karoi,889191,-16.81,29.69,65.21,89,100,9.89,ZW,2020-01-30 02:12:40
Veraval,1253237,20.9,70.37,60.19,40,0,10.98,IN,2020-01-30 02:12:40
Nyrob,516588,60.73,56.72,2.26,96,100,5.28,RU,2020-01-30 02:12:40
Poso,1630723,-1.4,120.75,71.46,85,100,0.65,ID,2020-01-30 02:12:40
